motif_id	motif_alt_id	sequence_name	start	stop	strand	score	p-value	q-value	matched_sequence
GGBMWABRGYGCCMCCTRGTGGYMR	MEME-1	chr19	9082625	9082649	+	27.2289	6.18e-11	4.37e-06	GGACTACACTGCCCCCTGGTGGCCA
GGBMWABRGYGCCMCCTRGTGGYMR	MEME-1	chr19	46991338	46991362	+	27.1205	7.33e-11	4.37e-06	GGTCAACACTGCCCCCTAGTGGTAA
GGBMWABRGYGCCMCCTRGTGGYMR	MEME-1	chr19	59239628	59239652	-	26.494	1.87e-10	7.44e-06	GGTCTGGCGCGCCACCTGGTGGCCA
GGBMWABRGYGCCMCCTRGTGGYMR	MEME-1	chr19	44887860	44887884	+	25.241	9.58e-10	2.86e-05	GGGAGAGGGCGCCCCCTGCTGGACA
GGBMWABRGYGCCMCCTRGTGGYMR	MEME-1	chr19	24284435	24284459	-	24.506	2.21e-09	3.9e-05	GGGCACTACTGCCACCTAGTGGTTG
GGBMWABRGYGCCMCCTRGTGGYMR	MEME-1	chr19	10198973	10198997	+	24.4699	2.3e-09	3.9e-05	TGGGCACAGCGCCACCTTGTGGTCA
GGBMWABRGYGCCMCCTRGTGGYMR	MEME-1	chr19	5568359	5568383	+	24.2651	2.87e-09	3.9e-05	GGACCTGGGCGCCCTCTAGTGGCCG
GGBMWABRGYGCCMCCTRGTGGYMR	MEME-1	chr19	43959328	43959352	+	24.2651	2.87e-09	3.9e-05	TGTGCAGAGCGCCACCTAGTGGTGG
GGBMWABRGYGCCMCCTRGTGGYMR	MEME-1	chr19	6268299	6268323	-	24.241	2.94e-09	3.9e-05	TATCATGGGTGCCCCCTGGTGGCGA
GGBMWABRGYGCCMCCTRGTGGYMR	MEME-1	chr19	4099197	4099221	-	24.0843	3.47e-09	4.13e-05	GCCCTACGCTGCCCCCTGGTGGCAC
GGBMWABRGYGCCMCCTRGTGGYMR	MEME-1	chr19	24271961	24271985	+	23.8554	4.38e-09	4.75e-05	TGCTTAGCCTGCCACCTGGTGGCCA
GGBMWABRGYGCCMCCTRGTGGYMR	MEME-1	chr19	10449910	10449934	-	23.7229	5.01e-09	4.98e-05	GTGTTCTGGTGCCACCTGGTGGTAG
GGBMWABRGYGCCMCCTRGTGGYMR	MEME-1	chr19	53648905	53648929	-	22.9398	1.06e-08	8.68e-05	TATCAAGGGCTCCCTCTAGTGGCTA
GGBMWABRGYGCCMCCTRGTGGYMR	MEME-1	chr19	10034951	10034975	+	22.8795	1.12e-08	8.68e-05	GGACACCAGCACCCCCTTGTGGCCA
GGBMWABRGYGCCMCCTRGTGGYMR	MEME-1	chr19	46588040	46588064	-	22.8434	1.16e-08	8.68e-05	GAACTCTGCTGCCCTCTGGTGGTCA
GGBMWABRGYGCCMCCTRGTGGYMR	MEME-1	chr19	10341328	10341352	-	22.7952	1.21e-08	8.68e-05	GAGAACTGGCGCCTCCTAGTGGACA
GGBMWABRGYGCCMCCTRGTGGYMR	MEME-1	chr19	47882654	47882678	-	22.7711	1.24e-08	8.68e-05	GTGGGGGGGCTCCCCCTGGTGGCCA
GGBMWABRGYGCCMCCTRGTGGYMR	MEME-1	chr19	4755729	4755753	-	22.6265	1.41e-08	9.34e-05	GTCCAAGGGCACCTCCTGGTGGCAA
GGBMWABRGYGCCMCCTRGTGGYMR	MEME-1	chr19	21747586	21747610	+	22.4699	1.62e-08	0.000102	TGCACAGGGCGCCCTCTGCTGGTAG
GGBMWABRGYGCCMCCTRGTGGYMR	MEME-1	chr19	37704093	37704117	-	22.2169	2.02e-08	0.00012	GGAGAAGCCCGCCCCCTTGTGGACA
GGBMWABRGYGCCMCCTRGTGGYMR	MEME-1	chr19	42190686	42190710	-	21.9036	2.64e-08	0.00015	GCTCAATTCTGCCCTCTGGTGGACA
GGBMWABRGYGCCMCCTRGTGGYMR	MEME-1	chr19	46444419	46444443	+	21.8434	2.77e-08	0.00015	GAGCAACGGTGCCACCTACTGGACT
GGBMWABRGYGCCMCCTRGTGGYMR	MEME-1	chr19	40545051	40545075	+	21.7711	2.95e-08	0.000153	GGGCTAGACTGCCCTCTAGTGTTAG
GGBMWABRGYGCCMCCTRGTGGYMR	MEME-1	chr19	5529508	5529532	-	21.5663	3.49e-08	0.000163	GTTCCGCGGCGCCCTCTGCTGGTCG
GGBMWABRGYGCCMCCTRGTGGYMR	MEME-1	chr19	55206940	55206964	+	21.5542	3.52e-08	0.000163	AAGCTAGCCTGCCATCTAGTGGCTA
GGBMWABRGYGCCMCCTRGTGGYMR	MEME-1	chr19	45220732	45220756	-	21.4578	3.81e-08	0.000163	AGACAAGAGCTCCCTCTGCTGGTCG
GGBMWABRGYGCCMCCTRGTGGYMR	MEME-1	chr19	6262400	6262424	-	21.4096	3.96e-08	0.000163	GAAGTGTGGCGCCTCCTGGTGGCAG
GGBMWABRGYGCCMCCTRGTGGYMR	MEME-1	chr19	10033806	10033830	+	21.3735	4.08e-08	0.000163	GATGGTGAGTGCCCCCTAGTGGTCT
GGBMWABRGYGCCMCCTRGTGGYMR	MEME-1	chr19	42166341	42166365	+	21.3614	4.12e-08	0.000163	AGGCGAGTGCGCCCCCTCGTGGCAG
GGBMWABRGYGCCMCCTRGTGGYMR	MEME-1	chr19	56255719	56255743	+	21.3133	4.28e-08	0.000163	TGTCTTTACTGCCCTCTTGTGGTAA
GGBMWABRGYGCCMCCTRGTGGYMR	MEME-1	chr19	41291406	41291430	-	21.3012	4.32e-08	0.000163	GGGGTCCACTGCCCTCTTCTGGCCA
GGBMWABRGYGCCMCCTRGTGGYMR	MEME-1	chr19	5965432	5965456	-	21.2892	4.36e-08	0.000163	TGACCTTGCTGCCACCTGGTGGCTA
GGBMWABRGYGCCMCCTRGTGGYMR	MEME-1	chr19	46014762	46014786	+	21.2289	4.58e-08	0.000165	AGGCACTGGCGCCTCCTGGTGGGCA
GGBMWABRGYGCCMCCTRGTGGYMR	MEME-1	chr19	10502769	10502793	+	21.1446	4.89e-08	0.000172	CCCCTATAGTGCCCTCTTGTGGCAG
GGBMWABRGYGCCMCCTRGTGGYMR	MEME-1	chr19	45746530	45746554	-	21.1084	5.04e-08	0.000172	TGGAACTAGCGCCCTCTGGTGGGCG
GGBMWABRGYGCCMCCTRGTGGYMR	MEME-1	chr19	5338156	5338180	-	21.0241	5.38e-08	0.000178	AGAGCATATCGCCACCTGGTGGCTA
GGBMWABRGYGCCMCCTRGTGGYMR	MEME-1	chr19	24301542	24301566	-	20.7952	6.43e-08	0.000207	GGGATCTAGTGCCCTCTTCTGGCCT
GGBMWABRGYGCCMCCTRGTGGYMR	MEME-1	chr19	5488003	5488027	+	20.6867	6.98e-08	0.000219	CGCGTGTGGCGCCCCCTGCTGGCTG
GGBMWABRGYGCCMCCTRGTGGYMR	MEME-1	chr19	6489164	6489188	-	20.5663	7.65e-08	0.000233	TACTTCGCCTGCCCCCTTGTGGCCA
GGBMWABRGYGCCMCCTRGTGGYMR	MEME-1	chr19	5727996	5728020	+	20.5301	7.87e-08	0.000233	GGTCTTGGGCGCCACCTGCCGGCAG
GGBMWABRGYGCCMCCTRGTGGYMR	MEME-1	chr19	41442789	41442813	-	20.506	8.01e-08	0.000233	AGTGCACAGCGCCTCCTACTGGTGA
GGBMWABRGYGCCMCCTRGTGGYMR	MEME-1	chr19	47168395	47168419	+	20.2892	9.42e-08	0.000267	ATTTTCTACTGCCCTCTAGTGGTAG
GGBMWABRGYGCCMCCTRGTGGYMR	MEME-1	chr19	24301078	24301102	-	20.2289	9.85e-08	0.000273	ACCCTCTGCTGCCACCTACTGGTGA
GGBMWABRGYGCCMCCTRGTGGYMR	MEME-1	chr19	4228494	4228518	+	20.1928	1.01e-07	0.000274	GATAAAGTCTGACACCTGGTGGCCA
GGBMWABRGYGCCMCCTRGTGGYMR	MEME-1	chr19	6304975	6304999	+	20.1566	1.04e-07	0.000275	AGTCTCTGGCGCCTCCTTGTGGCTT
GGBMWABRGYGCCMCCTRGTGGYMR	MEME-1	chr19	43479063	43479087	+	20.0843	1.1e-07	0.000284	GGCATTTTGCGCCCCCTAGAGGACA
GGBMWABRGYGCCMCCTRGTGGYMR	MEME-1	chr19	56201193	56201217	+	20.0482	1.12e-07	0.000285	TGTAAACAGCGCCCTCTGGTGTTGG
GGBMWABRGYGCCMCCTRGTGGYMR	MEME-1	chr19	15802031	15802055	+	19.759	1.39e-07	0.000344	GAGATACACCGCCATCTATTGGTCA
GGBMWABRGYGCCMCCTRGTGGYMR	MEME-1	chr19	58904213	58904237	+	19.7229	1.42e-07	0.000346	TTCCAACACCGCCCTCTTGTGGTGC
GGBMWABRGYGCCMCCTRGTGGYMR	MEME-1	chr19	10603012	10603036	+	19.4458	1.73e-07	0.000413	GACTGCTGGCGCCACCTAGTGATCG
GGBMWABRGYGCCMCCTRGTGGYMR	MEME-1	chr19	40391659	40391683	-	19.3253	1.88e-07	0.00044	AGCCTTGCGCTCCCTCTAGTGGCTG
GGBMWABRGYGCCMCCTRGTGGYMR	MEME-1	chr19	60892352	60892376	+	19.2048	2.05e-07	0.000468	TTTGCAGCCTGCCACCTAGTGGTGG
GGBMWABRGYGCCMCCTRGTGGYMR	MEME-1	chr19	47507279	47507303	-	19.1807	2.08e-07	0.000468	GAGTTAGGTCGGCCCCTAGTGGCTG
GGBMWABRGYGCCMCCTRGTGGYMR	MEME-1	chr19	55198517	55198541	+	18.9639	2.41e-07	0.000527	GTCAGACAGCACCATCTAGTGGCGG
GGBMWABRGYGCCMCCTRGTGGYMR	MEME-1	chr19	10000515	10000539	-	18.9518	2.43e-07	0.000527	AGTCAATGGTGACCTCTAGTGACCA
GGBMWABRGYGCCMCCTRGTGGYMR	MEME-1	chr19	57329068	57329092	+	18.8795	2.55e-07	0.000544	GCCAAATAGCGCCACCTAGTGTAAC
GGBMWABRGYGCCMCCTRGTGGYMR	MEME-1	chr19	41656166	41656190	-	18.8434	2.62e-07	0.000547	GGCTTCTGGCACACCCTAGTGGCCA
GGBMWABRGYGCCMCCTRGTGGYMR	MEME-1	chr19	59239672	59239696	-	18.7349	2.81e-07	0.000578	AGGCGAATGCGCCACCTGCTGGCCC
GGBMWABRGYGCCMCCTRGTGGYMR	MEME-1	chr19	5053968	5053992	+	18.7108	2.86e-07	0.000578	TGGGAACAGCGCCGCCTGCCGGCCA
GGBMWABRGYGCCMCCTRGTGGYMR	MEME-1	chr19	29253964	29253988	+	18.6627	2.95e-07	0.000587	CCGTGGTGCTGCCCCCTGGTGGTTA
GGBMWABRGYGCCMCCTRGTGGYMR	MEME-1	chr19	45074342	45074366	-	18.5542	3.17e-07	0.00062	GAGAACGAGCGCCCTCTGGTGGGTT
GGBMWABRGYGCCMCCTRGTGGYMR	MEME-1	chr19	5568973	5568997	+	18.4458	3.41e-07	0.000655	TCAGAACAGCGCCATCTACAGGCCA
GGBMWABRGYGCCMCCTRGTGGYMR	MEME-1	chr19	44487421	44487445	-	18.4217	3.46e-07	0.000655	GCTGGAGAGCGCACCCTAGTGGTAT
GGBMWABRGYGCCMCCTRGTGGYMR	MEME-1	chr19	6577296	6577320	+	18.2771	3.8e-07	0.000709	CCGCTGCTTCGCCACCTGGTGGTCA
GGBMWABRGYGCCMCCTRGTGGYMR	MEME-1	chr19	44363697	44363721	-	18.1807	4.05e-07	0.000731	GGGACGTGCTGCCCCCTGCAGGACA
GGBMWABRGYGCCMCCTRGTGGYMR	MEME-1	chr19	44474301	44474325	+	18.1807	4.05e-07	0.000731	GGGACGTGCTGCCCCCTGCAGGACA
GGBMWABRGYGCCMCCTRGTGGYMR	MEME-1	chr19	5956834	5956858	+	17.988	4.58e-07	0.000804	GCTCAAGGGCTCCCCCTGTTGGTGC
GGBMWABRGYGCCMCCTRGTGGYMR	MEME-1	chr19	41071691	41071715	-	17.9759	4.62e-07	0.000804	ATGCAGCAGCGCCACCTGCTGTCTG
GGBMWABRGYGCCMCCTRGTGGYMR	MEME-1	chr19	10665619	10665643	-	17.9639	4.65e-07	0.000804	GCTGAGTGCTGACACCTGCTGGCCA
GGBMWABRGYGCCMCCTRGTGGYMR	MEME-1	chr19	43496030	43496054	-	17.7711	5.26e-07	0.000895	TGGTCACTCTGCCATCTTGTGGTTA
GGBMWABRGYGCCMCCTRGTGGYMR	MEME-1	chr19	7064754	7064778	-	17.6867	5.54e-07	0.000931	GCTCACAGGCTCCCCCTGCTGGCAC
GGBMWABRGYGCCMCCTRGTGGYMR	MEME-1	chr19	18687775	18687799	-	17.5542	6.02e-07	0.000997	ACACTTGGCTGACCCCTAGTGGTAG
GGBMWABRGYGCCMCCTRGTGGYMR	MEME-1	chr19	4000244	4000268	-	17.4578	6.39e-07	0.00102	GGACCAGAGCGCCACCTAAAGGAAA
GGBMWABRGYGCCMCCTRGTGGYMR	MEME-1	chr19	40345839	40345863	+	17.4578	6.39e-07	0.00102	TGCTGCTAGCGCCACCTACAGGCCT
GGBMWABRGYGCCMCCTRGTGGYMR	MEME-1	chr19	55206815	55206839	+	17.4578	6.39e-07	0.00102	AGTAAATGCTTCCATCTGGAGGTCA
GGBMWABRGYGCCMCCTRGTGGYMR	MEME-1	chr19	41071751	41071775	-	17.4217	6.53e-07	0.00102	GTGTGGCAGCGCCCCCTGCTGTCTG
GGBMWABRGYGCCMCCTRGTGGYMR	MEME-1	chr19	17364930	17364954	+	17.2771	7.14e-07	0.00111	TGGAGAGGGCGTCCTCTGCTGGTAA
GGBMWABRGYGCCMCCTRGTGGYMR	MEME-1	chr19	40343200	40343224	-	17.0482	8.2e-07	0.00125	GTTGGTGAGCGCCACCTAGGGGCAG
GGBMWABRGYGCCMCCTRGTGGYMR	MEME-1	chr19	56422682	56422706	-	17.0361	8.26e-07	0.00125	ATGTGGCTCTGCCATCTAGTGGTCA
GGBMWABRGYGCCMCCTRGTGGYMR	MEME-1	chr19	10908100	10908124	-	16.9759	8.56e-07	0.00127	AGGAATTAGCACCGCCTGCTGGCTA
GGBMWABRGYGCCMCCTRGTGGYMR	MEME-1	chr19	16599471	16599495	+	16.9639	8.63e-07	0.00127	ATCTTGTAGTGCCCTCTAGTGATAG
GGBMWABRGYGCCMCCTRGTGGYMR	MEME-1	chr19	5529422	5529446	-	16.8916	9.01e-07	0.00131	TTCTCATCCTGCCCTCTGCTGGACA
GGBMWABRGYGCCMCCTRGTGGYMR	MEME-1	chr19	43571156	43571180	-	16.8675	9.14e-07	0.00131	ATGCTAAGGCTCCCCCTGGAGGCCT
GGBMWABRGYGCCMCCTRGTGGYMR	MEME-1	chr19	55332786	55332810	+	16.4578	1.16e-06	0.00165	TGGTGCTAGCACCATCTTGTGGTTG
GGBMWABRGYGCCMCCTRGTGGYMR	MEME-1	chr19	55218349	55218373	+	16.1446	1.39e-06	0.00195	CAGCTCCAGCGCCCTCTTCTGGGCA
GGBMWABRGYGCCMCCTRGTGGYMR	MEME-1	chr19	27780175	27780199	-	15.9639	1.54e-06	0.00214	GCATCACAGCGCCACCTACTGACGT
GGBMWABRGYGCCMCCTRGTGGYMR	MEME-1	chr19	45574186	45574210	+	15.8313	1.66e-06	0.00228	GCTCAGCCCTGCCCCCTGCAGGTCC
GGBMWABRGYGCCMCCTRGTGGYMR	MEME-1	chr19	55218621	55218645	-	15.3494	2.17e-06	0.00293	AGCGCTATGCGCCACCTACTGGTGA
GGBMWABRGYGCCMCCTRGTGGYMR	MEME-1	chr19	6018317	6018341	+	15.3373	2.19e-06	0.00293	ggattctggcgccctcttccggcct
GGBMWABRGYGCCMCCTRGTGGYMR	MEME-1	chr19	56423193	56423217	-	15.3133	2.22e-06	0.00294	GCCCTCCAGCGCCCCCTGGCGATGC
GGBMWABRGYGCCMCCTRGTGGYMR	MEME-1	chr19	24871470	24871494	+	15.2169	2.34e-06	0.00306	GTCAAACAGCGCCACCTAAAGGAGG
GGBMWABRGYGCCMCCTRGTGGYMR	MEME-1	chr19	44582792	44582816	-	14.9518	2.69e-06	0.00349	GAGCAAGTGCGCCACGCTGTGGCCA
GGBMWABRGYGCCMCCTRGTGGYMR	MEME-1	chr19	44295935	44295959	+	14.8434	2.86e-06	0.00366	GGGTAGTGCTGCCCCCTAGCGACAC
GGBMWABRGYGCCMCCTRGTGGYMR	MEME-1	chr19	7264274	7264298	-	14.6627	3.14e-06	0.00399	TAACAGCTGCGCCCTCTAGCGGTGG
GGBMWABRGYGCCMCCTRGTGGYMR	MEME-1	chr19	42272471	42272495	+	14.3855	3.63e-06	0.00456	AAGTTCGAGTGCCGCCAAGTGGTGG
GGBMWABRGYGCCMCCTRGTGGYMR	MEME-1	chr19	45573974	45573998	-	14.3494	3.7e-06	0.0046	GGCCAACAGCGCCACCTACGGTATA
GGBMWABRGYGCCMCCTRGTGGYMR	MEME-1	chr19	9991500	9991524	+	14.0964	4.22e-06	0.00518	ACGATAGCACTCCCCCTGCTGGCTG
GGBMWABRGYGCCMCCTRGTGGYMR	MEME-1	chr19	47169193	47169217	+	13.9277	4.59e-06	0.00559	aagttccggtgccctctcctggctt
GGBMWABRGYGCCMCCTRGTGGYMR	MEME-1	chr19	47674598	47674622	+	13.8675	4.74e-06	0.0057	gctctctactgccccccgcaggcac
GGBMWABRGYGCCMCCTRGTGGYMR	MEME-1	chr19	42026329	42026353	+	13.7229	5.09e-06	0.00607	TGCTGCTACTGCCCTCTGCCGGCCC
GGBMWABRGYGCCMCCTRGTGGYMR	MEME-1	chr19	37265947	37265971	+	13.6627	5.25e-06	0.00617	GTGCTTTGTCTCCGCCTCGTGGTCA
GGBMWABRGYGCCMCCTRGTGGYMR	MEME-1	chr19	44562724	44562748	-	13.6506	5.28e-06	0.00617	TTGAAGGAGCGCTCCCTAGCGGTGA
GGBMWABRGYGCCMCCTRGTGGYMR	MEME-1	chr19	15649570	15649594	+	13.0843	6.98e-06	0.00808	cctcaacagcgacaccatgtggtag
GGBMWABRGYGCCMCCTRGTGGYMR	MEME-1	chr19	44487638	44487662	-	12.988	7.31e-06	0.00838	ACCATAGAGCTGACCCTAGTGGTAG
GGBMWABRGYGCCMCCTRGTGGYMR	MEME-1	chr19	45574027	45574051	+	12.8193	7.93e-06	0.009	AGCACCCAGTGGCACCCAGTGGCGG
GGBMWABRGYGCCMCCTRGTGGYMR	MEME-1	chr19	10486594	10486618	+	12.759	8.16e-06	0.00918	GTTGTGTGGCGACATCTAATGGTTG
GGBMWABRGYGCCMCCTRGTGGYMR	MEME-1	chr19	10060026	10060050	+	12.6867	8.45e-06	0.00941	TGTTTCATGCTGCCCCTAGTGGTAG
GGBMWABRGYGCCMCCTRGTGGYMR	MEME-1	chr19	44582876	44582900	-	12.4458	9.46e-06	0.0105	GCTCTCAGGCTCCCCCAAGTGGGCA
GGBMWABRGYGCCMCCTRGTGGYMR	MEME-1	chr19	41244724	41244748	+	12.1446	1.09e-05	0.0119	GCACTCCACTGCCCCCTAGCGTTGC
GGBMWABRGYGCCMCCTRGTGGYMR	MEME-1	chr19	10709407	10709431	+	11.9277	1.2e-05	0.013	GGCCTGGTGTGCCACATGCTGGCCA
GGBMWABRGYGCCMCCTRGTGGYMR	MEME-1	chr19	24301297	24301321	-	10.9518	1.86e-05	0.02	GAAATGTGTCACCTCCTAGAGGCCC
GGBMWABRGYGCCMCCTRGTGGYMR	MEME-1	chr19	4012916	4012940	+	10.8193	1.97e-05	0.021	CTCACGTGTCGCCCTCTGCTGGATC
GGBMWABRGYGCCMCCTRGTGGYMR	MEME-1	chr19	6262403	6262427	-	10.5422	2.22e-05	0.0235	GGTGAAGTGTGGCGCCTCCTGGTGG
GGBMWABRGYGCCMCCTRGTGGYMR	MEME-1	chr19	45573828	45573852	-	10.4699	2.29e-05	0.024	ATTCGACAGTGACCTCTGGGGGATG
GGBMWABRGYGCCMCCTRGTGGYMR	MEME-1	chr19	17365005	17365029	-	10.253	2.51e-05	0.0261	GTTCAACATTGGCTTCTAGTGTCTG
GGBMWABRGYGCCMCCTRGTGGYMR	MEME-1	chr19	4099231	4099255	-	9.78313	3.06e-05	0.0314	GTCCAATAGTGCCTCCAGCTGTGAA
GGBMWABRGYGCCMCCTRGTGGYMR	MEME-1	chr19	45574017	45574041	+	9.48193	3.46e-05	0.0353	GGGGCATTCCAGCACCCAGTGGCAC
GGBMWABRGYGCCMCCTRGTGGYMR	MEME-1	chr19	44582754	44582778	+	9.45783	3.5e-05	0.0353	TTTCCAGTGTGCTCCCTTGGGGCGA
GGBMWABRGYGCCMCCTRGTGGYMR	MEME-1	chr19	10449902	10449926	+	9.03614	4.14e-05	0.0415	CCCTAATTCTACCACCAGGTGGCAC
GGBMWABRGYGCCMCCTRGTGGYMR	MEME-1	chr19	10341339	10341363	+	8.81928	4.52e-05	0.0449	AGGCGCCAGTTCTCCCTGTTGGTAC
GGBMWABRGYGCCMCCTRGTGGYMR	MEME-1	chr19	5529637	5529661	+	8.75904	4.62e-05	0.0456	GCACGCTAGTGCCCTCTTTTGTTTT
GGBMWABRGYGCCMCCTRGTGGYMR	MEME-1	chr19	24272210	24272234	-	8.50602	5.11e-05	0.0499	AATCCTCAGCGCCACCCACAGTTAG
GGBMWABRGYGCCMCCTRGTGGYMR	MEME-1	chr19	5728672	5728696	+	8.22892	5.69e-05	0.0551	GGGGCAGGCTGGCATCAGGAGGCTC
GGBMWABRGYGCCMCCTRGTGGYMR	MEME-1	chr19	47882716	47882740	-	8.06024	6.07e-05	0.0583	ACGCGAGGGCTCCCCCTAGCGTGGT
GGBMWABRGYGCCMCCTRGTGGYMR	MEME-1	chr19	42026407	42026431	+	7.95181	6.32e-05	0.0603	CTGCCTCACCACCCCCTCATGGCTG
GGBMWABRGYGCCMCCTRGTGGYMR	MEME-1	chr19	6577553	6577577	-	7.79518	6.71e-05	0.0635	GTGGAAGACCTCATTCTGGAGACAA
GGBMWABRGYGCCMCCTRGTGGYMR	MEME-1	chr19	46452741	46452765	-	7.68675	6.99e-05	0.0656	ACCCCACCTCACCCCCTACAGGAGT
GGBMWABRGYGCCMCCTRGTGGYMR	MEME-1	chr19	56255539	56255563	+	7.45783	7.61e-05	0.0709	GCCTGTTCCCGCATTCTGCTGGAAG
GGBMWABRGYGCCMCCTRGTGGYMR	MEME-1	chr19	42190563	42190587	+	7.42169	7.72e-05	0.0713	TTCCCCTGCTGCCTCCAGCTGGGCT
GGBMWABRGYGCCMCCTRGTGGYMR	MEME-1	chr19	44582771	44582795	+	7.3494	7.93e-05	0.0727	TGGGGCGAGTGGCCCCTGCTGTGGC
GGBMWABRGYGCCMCCTRGTGGYMR	MEME-1	chr19	10709270	10709294	-	6.93976	9.21e-05	0.0839	ACAGCAGGCTGCAGCCTATTGGAAA
GGBMWABRGYGCCMCCTRGTGGYMR	MEME-1	chr19	10709515	10709539	+	6.78313	9.75e-05	0.0881	AGTGCTGAGCCCCCTCTGCTGGTGC
GGBMWABRGYGCCMCCTRGTGGYMR	MEME-1	chr19	5529227	5529251	-	6.73494	9.92e-05	0.0887	TTCTGCTTCCACCCTCATGTGGTCC
GGBMWABRGYGCCMCCTRGTGGYMR	MEME-1	chr19	42026318	42026342	-	6.72289	9.96e-05	0.0887	GGGCAGTAGCAGCATCTCTAGGCCA

# FIMO (Find Individual Motif Occurrences): Version 5.0.5 compiled on Aug  6 2019 at 00:49:24
# The format of this file is described at http://meme-suite.org/doc/fimo-output-format.html.
# fimo --parse-genomic-coord --verbosity 1 --oc Motif/fimo_out_1 --bgfile Motif/background --motif GGBMWABRGYGCCMCCTRGTGGYMR Motif/meme_out/meme.xml Motif/sorted_seq_ER4.narrowpeak
